{"train_loss": 6085844567.895508, "_runtime": 791, "_timestamp": 1731746050, "_step": 3, "val_loss": 2205602396.3239746}